label,message
ham,"Hi, how are you?"
ham,"Please submit your assignment tomorrow."
ham,"Can you call me when you are free?"
ham,"Your meeting is scheduled for 10 AM."
ham,"Don't forget to bring your project file."
ham,"Happy birthday! Have a wonderful day."
ham,"Please send me the notes."
ham,"I will reach college in 10 minutes."
ham,"Let's meet after the class."
ham,"Your exam starts at 9 AM tomorrow."
spam,"Congratulations! You won a free prize. Click here to claim it."
spam,"You have won a cash reward. Claim your prize now!"
spam,"URGENT! You have been selected for a free gift."
spam,"Win a FREE iPhone now! Click the link to claim."
spam,"Congratulations! You are the lucky winner of a lottery."
spam,"Get FREE money today! Limited time offer."
spam,"You have won a special reward. Claim now!"
spam,"Click here to receive your free gift."
spam,"Exclusive offer! You won a valuable prize."
spam,"You are selected for a free vacation. Claim now!"